PM2.5_x_x,PM10_x_x,SO2_x_x,NO2_x_x,CO_x_x,O3_x_x,PM2.5_y_x,PM10_y_x,SO2_y_x,NO2_y_x,CO_y_x,O3_y_x,PM2.5_x_y,PM10_x_y,SO2_x_y,NO2_x_y,CO_x_y,O3_x_y,PM2.5_y_y,PM10_y_y,SO2_y_y,NO2_y_y,CO_y_y,O3_y_y
72.63756692961037,91.25715941009416,19.231476112303053,41.25146378094609,1052.0520754844188,61.39919531540231,64.77744997002252,78.7630308035599,14.032210550626404,29.89044781421807,852.7775527370945,65.18793486437104,86.92576040859927,105.01814622397242,23.917828891082674,57.5988146622913,1335.308738096376,63.489912546138754,77.2800653219978,94.66243283087304,15.611348197636802,41.643163300447036,1230.697972758471,56.58960096769419
79.14421551206404,106.31847159685458,20.95833806141603,45.55761131510752,1195.4309744447153,63.08079458897417,73.94957520628522,90.35811199397187,14.458872879819065,27.362325315558117,877.6564111201278,72.51543396152378,87.4554847932058,116.93911827563683,23.79048727032598,55.58220293030829,1367.6937352169898,57.245953297539685,84.47271643636394,110.79990178732541,17.38050072870319,45.53029753462056,1166.8412851702728,58.3485351729203
69.67214780791289,94.15370810268557,11.841340809941386,42.79928448349337,1161.8595384483654,57.912187269591904,64.62752912765211,85.35013398577797,11.35114298092629,26.881813167156967,966.4533782418131,70.95303587159508,87.32643558129422,111.84023885673935,15.218664599194645,50.37273476467978,1335.6684000948292,55.79603491516937,81.25006377264337,99.68997746925388,10.5404981347178,43.22641272094168,1180.508107910904,52.165830145784156
61.778503044587545,86.42249039096346,8.27761561219345,45.54892506236909,1123.5892964672971,53.904719974856015,60.04221152556268,80.51457968854619,7.294931327135884,25.48603562734619,874.4413209510124,67.35705960012969,80.46579995063007,103.28233408157026,11.783749591147458,51.196803662157556,1243.0284589802118,56.14599314758335,72.05143490925788,87.8168016875994,9.874574771218287,43.00199635059139,1086.6173677874563,56.02176931981861
80.01228559824561,94.36409062150497,16.41761475239747,50.94755034082758,1524.4001621327275,33.4004096359449,68.35021572865865,78.65088807195015,13.250526444558096,34.38797137575548,1151.8243172588511,53.94892457128909,103.13052888676164,131.53606027849634,20.405056439924145,57.933326250314245,1575.4395130343116,39.78081498010281,95.42187431500216,107.09043460070593,21.125712246910457,55.4765000750915,1749.532338559743,42.22035297417873
